key,title,year,journal,issn,url,location,Discipline (primary),Discipline (secondary),Study scale / case geography,Study time window,Social media platform(s),Geographic origin of posts/images (country/region),Data collection mode,Sampling/subsampling strategy,Dataset size (images),"Other dataset size (e.g., posts/users)",Metadata used?,Metadata types used,Is text used for interpretation?,Analysis method (primary),Analysis method (secondary),DS Methods,Computer vision task(s),Validation / reliability,Key findings (1–3 bullet points),Bias/limitations discussed?,Bias/limitation types,Ethics approval mentioned?,Privacy & de-identification measures,Are example images displayed?,Scholar affiliation continent(s),Cross-continent collaboration?,Continent2,Continent3,Cross-country,Limitations (authors' statements),Notes,Conclusion,Reviewer,QC Flags
rayyan-340815754,“Visual Affluence” in Social Photography: Applicability of Image Segmentation as a Visually Oriented Approach to Study Instagram Hashtags,2020,Social Media and Society,20563051 (ISSN),https://www.scopus.com/inward/record.uri?eid=2-s2.0-85087082553&doi=10.1177%2F2056305120924758&partnerID=40&md5=81a9d2a0241c7cfe0222c9ce6e85af7a,"[""University of Strathclyde, Glasgow, United Kingdom"", ""Middlesex University, London, United Kingdom""]",Communication,Information Management,Global,2019,Instagram,Global,Automated via API,,"1k–9,999",,Yes,Hashtags,No text used,Image Type Identification,Trends of images,Off-the-shelf model,Scene classification,Against gold standard,"• Image segmentation can be used as a meaning-independent measure of visual richness in social media images.
• Images with complex textures and detailed backgrounds show higher visual affluence than images with blur or flat backgrounds.
• Different Instagram hashtags exhibit statistically significant differences in visual affluence.",Yes,Platform bias,Not applicable,No example images shown,Yes,Europe,No,,,,"• Limited sample size and non-normal distributions across hashtag datasets
• Dependence on threshold values for image segmentation
• Data collected before Instagram API access restrictions","Methodological contribution introducing “visual affluence” as a scalable, non-semantic visual metric; emphasizes visually oriented analysis over meaning-based interpretation.",Include,Abi,
rayyan-340814277,3D visibility analysis for evaluating the attractiveness of tourism routes computed from social media photos,2021,ISPRS International Journal of Geo-Information,22209964 (ISSN),https://www.scopus.com/inward/record.uri?eid=2-s2.0-85106503928&doi=10.3390%2Fijgi10050275&partnerID=40&md5=aa5756635b221448044d66100a54ec0a,"[""Technion - Israel Institute of Technology, Mapping and Geo-Information Engineering, Haifa, Israel"", ""Technion - Israel Institute of Technology, Faculty of Architecture and Town Planning, Haifa, Israel""]",Tourism,,North America,2010-2016,Flickr,USA,Automated via API,,"100k–999,999","358,691 photos 22,665 users",Yes,Geotags,No text used,Geospatial Analysis,,Custom model,Other,Manual verification,compute and evaluate tourism walking routes,No,Other,No,No example images shown,No,Asia,No,,,,No,"Spatial (3D visibility) analysis of geotagged photos, only metadata used",Include,Lu,
rayyan-340807164,A complex network analysis of urban human mobility in Tokyo,2025,Travel Behaviour and Society,2214367X (ISSN),https://www.scopus.com/inward/record.uri?eid=2-s2.0-105000656491&doi=10.1016%2Fj.tbs.2025.101020&partnerID=40&md5=5e7710336cd3bc041e1f4af49776f2d1,"Institute of Science Tokyo, School of Environment and Society, Tokyo, Japan",Tourism,Interdisciplinary,Asia,2008-2019,Flickr,Japan,Automated via API,,"100k–999,999","150,688 photos 30,063 users",Yes,Geotags,No text used,Geospatial Analysis,,Off-the-shelf model,Other,Against gold standard,,No,Platform bias,No,No example images shown,No,Asia,No,,,,Geographical specificity further limits generalizability.,"Multi-step framework designed for empirical analysis, only metadata used",Include,Lu,
rayyan-340806986,A cross-cultural study of the dynamic multimodal metadiscourse used by American and Chinese NEV corporates on X,2025,Journal of Pragmatics,03782166 (ISSN),https://www.scopus.com/inward/record.uri?eid=2-s2.0-105010260370&doi=10.1016%2Fj.pragma.2025.06.011&partnerID=40&md5=e0821992ae6f6bc3c9d9a36d49c17648,"University of International Business and Economics, School of International Studies, Beijing, China",Business,,Global,2023-2024,Facebook,Global,Manual,,100–999,373 photos 194 videos,Yes,Comments,Full post text,Emotion Coding,,Custom model,Face/Emotion,Not reported,,Yes,Platform bias,No,Not mentioned,Yes,Asia,No,,,,Language and platform (BYD in Weibo),,Include,Lu,
rayyan-340810973,"A crowdsource approach to documenting users' preferences for landscape attributes in the proposed Appalachian Geopark Project in West Virginia, United States",2023,International Journal of Geoheritage and Parks,25774441 (ISSN); 2577445X (ISSN),https://www.scopus.com/inward/record.uri?eid=2-s2.0-85159357025&doi=10.1016%2Fj.ijgeop.2023.05.001&partnerID=40&md5=ca732770f8572931776d9eed0b2b2378,"[""West Virginia University, Natural Resources and Design, Morgantown, United States"", ""West Virginia University, Natural Resources and Design, Morgantown, United States"", ""Universidade Estadual de Ponta Grossa, Tourism Department, Ponta Grossa, Brazil"", ""West Virginia University, Division of Forestry and Natural Resources, Morgantown, United States""]",Environment & Landscape,Tourism,North America,2010-2020,Flickr,USA,Mixed,,"1k–9,999","2,945 photos",Yes,Geotags,No text used,Geospatial Analysis,,Fine-tuned model,Object detection,Against gold standard,"results, maps and charts are used in in the development of the final landscape character assessment for the proposed geopark region",Yes,Platform bias,No,Not mentioned,Yes,Multiple,Yes,North America,Latin America,,demographic information not collected,US and Brazil,Include,Lu,
rayyan-340814131,A machine learning approach to cluster destination image on Instagram,2021,Tourism Management,18793193 (ISSN); 02615177 (ISSN),https://www.scopus.com/inward/record.uri?eid=2-s2.0-85102648080&doi=10.1016%2Fj.tourman.2021.104318&partnerID=40&md5=cab0f0f1ec8e2c972ec23dd372c090db,"[""Johannes Kepler University Linz, Business Informatics and Data Science, Linz, Austria"", ""Fachhochschule Salzburg, Department of Innovation and Management in Tourism, Salzburg, Austria""]",Tourism,Business,Europe,2019,Instagram,Austria,Automated via API,,"100k–999,999","101,870 photos",Yes,URLs,No text used,Object Recognition,,Off-the-shelf model,Object detection,Not reported,"connects semiotics, marketing, and data science in the tourism context.
brings the knowledge from geocoding to the tourism context and highlights the importance of location-based images.
provides numerous implications for DMOs.",Yes,Other,No,Not mentioned,No,Europe,No,,,,"limited to Austria,
keep track of tourist movement over time,
each model has its own way of interpretation, the comparison between the clustering results might be far-fetched",,Include,Lu,
rayyan-340814419,Advancing sustainable development and protected area management with social media‐based tourism data,2021,Sustainability (Switzerland),20711050 (ISSN),https://www.scopus.com/inward/record.uri?eid=2-s2.0-85102537628&doi=10.3390%2Fsu13052427&partnerID=40&md5=e9ae40f759bd42960369133d3137132b,"[""Stanford Woods Institute for the Environment, Stanford, United States"", ""University of Washington, School of Environmental and Forest Sciences, Seattle, United States"", ""Puget Sound Partnership, Olympia, United States"", ""University of Washington, Nature and Health, Seattle, United States"", ""Stanford University, Center for Ocean Solutions, Stanford, United States""]",Tourism,Environment & Landscape,North America,2005-2014,Flickr,USA,Automated via API,,≥1M,,Yes,Geotags,No text used,Geospatial Analysis,,Custom model,Other,Not reported,,Yes,Geographic noise/mis-geotagging,Yes (IRB/REC),No example images shown,No,North America,No,,,,No,"Only Metadata used, sustainability",Maybe,Lu,
rayyan-340815706,Affective economy of national-populist images: Investigating national and transnational online networks through visual big data,2020,New Media and Society,14617315 (ISSN); 14614448 (ISSN),https://www.scopus.com/inward/record.uri?eid=2-s2.0-85071555599&doi=10.1177%2F1461444819868686&partnerID=40&md5=328fe033226642cdb229f5ed85117e78,"[""Tampere University, Tampere, Finland"", ""Helsingin Yliopisto, Helsinki, Finland""]",Psychology,Interdisciplinary,Europe,2009-2017,Facebook,Finland,Automated via API,,"1k–9,999",7607 images,Yes,Multiple,No text used,Comparing Images,Network Analysis,Off-the-shelf model,Scene classification,Not reported,"hrough image sharing, commenting and reacting, supporters are able to create and sustain connections with each other, to feel united and express their political identity, political emotions and belonging.",Yes,Other,Yes,No example images shown,No,Europe,No,,,,researchers should seek possibilities to investigate the historical paths and directions of image circulation,,Include,Lu,
rayyan-340815047,An expert with whom i can identify: the role of narratives in influencer marketing,2021,International Journal of Advertising,17593948 (ISSN); 02650487 (ISSN),https://www.scopus.com/inward/record.uri?eid=2-s2.0-85092937576&doi=10.1080%2F02650487.2020.1824751&partnerID=40&md5=2f6966e9bab26b895d5d7ac93f1fc170,"[""San Diego State University, College of Professional Studies and Fine Arts, San Diego, United States"", ""University of Florida, Department of Advertising in the College of Journalism and Communications, Gainesville, United States"", ""Communication University of China, School of International Studies, Beijing, China""]",Business,,Global,Not mentioned,Instagram,Global,Automated via API,,"1k–9,999",7745 posts,Yes,Multiple,Title only,Thematic Coding,,Off-the-shelf model,Scene classification,Inter-coder reliability,"all of these three post types contain a selfie,
expertise þ selfie and expertise þ friends posts received the largest number of “likes”,
expertise þ selfie and video þ selfie posts are most likely to be sponsored by brands.",Yes,Unrepresentative populations,No,No example images shown,No,Not mentioned,No,,,,"did not provide causal evidence for the effect of influencer-follower transportation on consumer attitudes,
without investigating their intentions and strategic considerations.",,Include,Lu,Study time window not in YYYY or YYYY-YYYY (manual check)
rayyan-340812364,Analysis of the Use of Color and Its Emotional Relationship in Visual Creations Based on Experiences during the Context of the COVID-19 Pandemic,2022,Sustainability (Switzerland),20711050 (ISSN),https://www.scopus.com/inward/record.uri?eid=2-s2.0-85140931482&doi=10.3390%2Fsu142012989&partnerID=40&md5=9bcd4b8da5eb194e7fa893de1a841557,"[""Universidad de Córdoba, Faculty of Education, Cordoba, Spain"", ""Universidad Adolfo Ibáñez, Facultad de Ingeniería y Ciencias, Santiago, Chile""]",Psychology,Interdisciplinary,Not mentioned,2021,Multiple,"Not mentioned, multiple",Automated via API,,"1k–9,999",1537 pics,No,,No text used,Emotion Coding,,Fine-tuned model,Face/Emotion,Not reported,"there is a high prevalence of analogous and complementary harmonies.
Some relevant correlations have been found at the level of color and emotion.",No,,No,Not mentioned,Yes,Europe,No,,,,Not mentioned,"Instagram+WikiArt,",Include,Lu,
rayyan-340810322,Analyzing radical visuals at scale How far-right groups mobilize on TikTok,2024,Journal of Digital Social Research,20031998 (ISSN),https://www.scopus.com/inward/record.uri?eid=2-s2.0-105009915960&doi=10.33621%2Fjdsr.v6i1.200&partnerID=40&md5=556a593333fffa5c65f3f486169f7a96,"[""Ludwig-Maximilians-Universität München, Munich, Germany"", ""Universität Wien, Vienna, Austria""]",Politics,,Europe,Not mentioned,Tiktok,Germany,Mixed,,"1k–9,999","7,895 videos 350 acounts",No,,No text used,Image Type Identification,,Off-the-shelf model,Scene classification,Inter-coder reliability,"the Conspiracists more intensely focus on fear speech and anti-elitism
the Conspiracists are most popular on TikTok
Nationalist are far more successful in total popularity and mobilization potential than the more diverse but also more extreme accounts in the Extreme Right",Yes,Unrepresentative populations，Model bias,No,Not mentioned,No,Not mentioned,No,,,,"extracting frames and retrieving image labels does not fully cover the content of each video,
the classification algorithm does not extract meaning from the videos,
did not compare far-right popularity with other ideological groups,
only collected and analyzed a small margin",,Include,Lu,Study time window not in YYYY or YYYY-YYYY (manual check)
rayyan-340812637,Assessing landscape features and ecosystem services of marine protected areas through photographs on social media: comparison of two archipelagos in Spain,2022,"Environment, Development and Sustainability",15732975 (ISSN); 1387585X (ISSN),https://www.scopus.com/inward/record.uri?eid=2-s2.0-85116148981&doi=10.1007%2Fs10668-021-01841-y&partnerID=40&md5=5dd5f6c790ec3b2aebdcaed7d634c745,"[""Management Development Institute of Singapore in Tashkent, Tashkent, Uzbekistan"", ""Universidad de Sevilla, Sevilla, Spain"", ""CSIC - Instituto de Ciencias del Mar (ICM), Barcelona, Spain"", ""CSIC-UIB - Instituto Mediterraneo de Estudios Avanzados (IMEDEA), Esporlas, Spain"", ""Universidade de Santiago de Compostela, Santiago de Compostela, Spain""]",Environment & Landscape,,"North America, Europe",2017-2018,Flickr,North America， Europe,Automated via API,,"1k–9,999","1,041 pics",Yes,Hashtags,No text used,Network Analysis,,Off-the-shelf model,Other,Inter-coder reliability,"assess the characteristics of the landscape and the cultural ecosystem services obtained from Marine Protected Areas
the existence of a geographical area in which cultural-recreational uses predominate",Yes,Unrepresentative populations,No,No example images shown,No,Europe,No,,,,"some of the ecosystem services remain off the radar, because they are less frequent",,Include,Lu,
rayyan-340807343,Assessing recreationists’ preferences of the landscape and species using crowdsourced images and machine learning,2025,Landscape and Urban Planning,01692046 (ISSN),https://www.scopus.com/inward/record.uri?eid=2-s2.0-85217109121&doi=10.1016%2Fj.landurbplan.2025.105315&partnerID=40&md5=a00a84b36da2395fc34e276f649601b3,"[""Université Clermont Auvergne, Clermont-Ferrand, France"", ""Gottfried Wilhelm Leibniz Universität Hannover, Institute of Environmental Planning, Hannover, Germany"", ""Trondheim hovedkontor, Trondheim, Norway"", ""Université Clermont Auvergne, Clermont-Ferrand, France"", ""University of Michigan, Ann Arbor, School for Environment and Sustainability, Ann Arbor, United States"", ""University of Michigan, Ann Arbor, Ann Arbor, United States""]",Interdisciplinary,,Europe,2017-2020,Multiple,Europe,Automated via API,,Not reported,8357 pics,,,No text used,Object Recognition,,Off-the-shelf model,Object detection,Manual verification,"rarer and less accessible land covers are over-associated with recreationists' photographs;
recreationists seek wide open views when interacting with mountain landscapes;",Yes,Platform bias,No,Not mentioned,Yes,Europe,No,,,Cross-platform,Flickr and Wikiloc are only a limited sample of the population,Flickr and Wikiloc,Include,Lu,
rayyan-340811708,Attraction behind “Beauty”: Revealing Gay Men’s Self-Presentation on a Dating App with Computer Vision,2023,Computational Communication Research,26659085 (ISSN),https://www.scopus.com/inward/record.uri?eid=2-s2.0-85159571028&doi=10.5117%2FCCR2023.1.002.JIAM&partnerID=40&md5=50e940a3ccca32a64e8544efe577df68,"[""City University of Hong Kong, Hong Kong, Hong Kong"", ""Beijing Normal University, School of Journalism and Communication, Beijing, China""]",Communication,Psychology,Asia,2021,Other,China,Not mentioned,,"10k–99,999","10,334 profiles",Yes,Likes,Other,Object Recognition,Emotion Coding,Fine-tuned model,"Object detection, Face/Emotion",Inter-coder reliability,"there is indeed a consistent relationship between physical attractiveness and the expected self-presentation effects,
discovered an ambiance effect of gay men’s online self-presentation,",Yes,Platform bias,Yes,Not mentioned,No,Not mentioned,No,,,,"automated content analysis tools do not perform well when judging subjective metrics,
the lack of relevant tools makes it difficult to analyze the content of photos specifically, which prevents the visual cues in this study from being broken down further",Finka,Include,Lu,
rayyan-340812841,Automatic Classification of Photos by Tourist Attractions Using Deep Learning Model and Image Feature Vector Clustering,2022,ISPRS International Journal of Geo-Information,22209964 (ISSN),https://www.scopus.com/inward/record.uri?eid=2-s2.0-85129010098&doi=10.3390%2Fijgi11040245&partnerID=40&md5=3a5809a5005e10d3b908d7d8c55d5860,"Ewha Womans University, Department of Social Studies Education, Seoul, South Korea",Tourism,,Europe,2020,Other,Korea,Automated via API,,"10k–99,999",11883 pics,No,,No text used,Object Recognition,,Off-the-shelf model,Object detection,Not reported,identify which images of Insadong are preferred by foreign tourists,Yes,Platform bias,No,Not mentioned,Yes,Asia,No,,,,"there may be a limit to the amount of data that can be used,
it is necessary to compare the photos posted on TripAdvisor with those from other SNS sites",TripAdvisor,Include,Lu,
rayyan-340809413,Automation of visual communication and aesthetic construction of national image: A computational aesthetic analysis of social bots on Twitter,2024,Online Media and Global Communication,27499049 (ISSN),https://www.scopus.com/inward/record.uri?eid=2-s2.0-105005321691&doi=10.1515%2Fomgc-2024-0010&partnerID=40&md5=935229e2c3252774339a8f3c6b696f27,"Tsinghua University, School of Journalism and Communication, Beijing, China",Art,Communication,Asia,2021,Twitter,Not mentioned,Automated via API,,"100k–999,999","106,562 pics",Yes,Multiple,No text used,Colour Recognition,,Off-the-shelf model,Other,Not reported,"social bots exhibit unique aesthetic strategies on Chinese issues on the international social platform,
such aesthetic strategies of bot accounts have been proven to have a positive social media effect",Yes,Model bias,No,Not mentioned,No,Asia,No,,,,"the measurement of aesthetic features in this study is carried out by computer vision technology, which obscures the subjective dimension of aesthetics,
our study mainly takes the data of likes and retweets into account, and experimental design could be considered for future exploration, 
the material in this study is static pictures on social platforms, and researchers can direct the focus onto dynamic visual materials like videos by social bots.","Likes, reposts",Include,Lu,
rayyan-340811860,Behind Blue Skies: A Multimodal Automated Content Analysis of Islamic Extremist Propaganda on Instagram,2023,Social Media and Society,20563051 (ISSN),https://www.scopus.com/inward/record.uri?eid=2-s2.0-85146767215&doi=10.1177%2F20563051221150404&partnerID=40&md5=6bacc60b9a247d2aa2bb15bbb1831e50,"[""University of Münster, Munster, Germany"", ""Universität Hamburg, Hamburg, Germany"", ""Fachhochschule Münster, Munster, Germany""]",Sociology & Cultural Studies,,Europe,2016-2018,Instagram,Germany,Automated via API,,"1k–9,999","1,187 posts",Yes,Hashtags,Title only,Emotion Coding,,Off-the-shelf model,Face/Emotion,Against gold standard,"hashtags were used to create affective communities around religious identities and local communities,
the images were mostly negative, capturing users’ attention, and likely to elicit emotions associated with collective action, such as anger",Yes,Platform bias,No,Not mentioned,Yes,Europe,No,,,,"focused on only one German language account on Instagram,
we focused only on Islamic extremism",,Include,Lu,
rayyan-340812276,Biased Bytes: On the Validity of Estimating Food Consumption from Digital Traces,2022,Proceedings of the ACM on Human-Computer Interaction,25730142 (ISSN),https://www.scopus.com/inward/record.uri?eid=2-s2.0-85146425886&doi=10.1145%2F3555660&partnerID=40&md5=784920a59f1805d156753866b12cf19f,"[""École Polytechnique Fédérale de Lausanne, Lausanne, Switzerland"", ""University of Niš, Nis, Serbia""]",Health,Information Management,Europe,2017-2020,Multiple,Switzerland,Mixed,,"10k–99,999","27,812 pics",No,,Full post text,Object Recognition,,Off-the-shelf model,Object detection,Against gold standard,there is a divergence between food consumption as measured via food tracking and as measured via social media,Yes,Unrepresentative populations,No,Not mentioned,Yes,Europe,No,,,Cross-platform,"many foods that the Swiss consume are not posted on Twitter,
platforms' support of improving image quality and editing with filters contribute to the food image being more visually appealing and appearing tastier","Twitter 3,692, MyFoodRepo 24,120",Include,Lu,
rayyan-340814204,Bridging the computational and visual turn: Re-tooling visual studies with image recognition and network analysis to study online climate images,2021,Nordic Journal of Media Studies,2003184X (ISSN),https://www.scopus.com/inward/record.uri?eid=2-s2.0-85141484125&doi=10.2478%2Fnjms-2021-0008&partnerID=40&md5=96951eb14517d6eca48665d7b84ce8e8,"[""Aalborg University, Department of Culture and Learning, Aalborg, Denmark"", ""Analyse Og Tal F.M.B.A, Denmark""]",Interdisciplinary,Tourism,Global,2015-2017,Multiple,,Automated via API,,"10k–99,999","60,942 pics",Yes,Multiple,No text used,Object Recognition,,Off-the-shelf model,Object detection,Against gold standard,"from 2015 to 2017, where diagrams are substituted with cartoons as the most-used type of visual genre.",Yes,Model bias,Yes,Other,Yes,Not mentioned,No,,,Cross-platform,examining the biases and built-in epistemologies of existing algorithms,"Instagram 14,375 Twitter 46,567; climate; only uses photos already made public by the users; hastags timestamp",Include,Lu,
rayyan-340814962,Building Brand Authenticity on Social Media: The Impact of Instagram Ad Model Genuineness and Trustworthiness on Perceived Brand Authenticity and Consumer Responses,2021,Journal of Interactive Advertising,15252019 (ISSN),https://www.scopus.com/inward/record.uri?eid=2-s2.0-85100964588&doi=10.1080%2F15252019.2020.1860168&partnerID=40&md5=0fba9627ce2e164b51fd4f93fa8027cc,"[""Loyola University Chicago, School of Communication, Chicago, United States"", ""Michigan State University, Department of Advertising and Public Relations, East Lansing, United States""]",Business,Communication,Not mentioned,2020,Instagram,,Automated via API,randomization function in Microsoft Excel,100–999,750 pics,No,,No text used,Emotion Coding,,Off-the-shelf model,Face/Emotion,Manual verification,consumers’ evaluations of a brand’s perceived authenticity on social media were impacted by their perception of the sources featured in the brand’s posts,Yes,Other,No,Not mentioned,No,Not mentioned,No,,,,"the study used only fashion brands, which limits generalizations to other industries and brands.
did not involve other important outcome variables.
limitations in controlling for certain confounding variables.",,Include,Lu,
rayyan-340814092,Can urban forest settings evoke positive emotion? Evidence on facial expressions and detection of driving factors,2021,Sustainability (Switzerland),20711050 (ISSN),https://www.scopus.com/inward/record.uri?eid=2-s2.0-85112468460&doi=10.3390%2Fsu13168687&partnerID=40&md5=81e5281b9e9d8a5acbfcae7a980b3c35,"[""Shenyang Agricultural University, College of Forestry, Shenyang, China"", ""Northeast Institute of Geography and Agroecology, Key Laboratory of Wetland Ecology and Environment, Changchun, China"", ""University of Chinese Academy of Sciences, Beijing, China""]",Environment & Landscape,Psychology,Asia,2018,Weibo,China,Not mentioned,,"1k–9,999","2,824 pics",No,,No text used,Emotion Coding,,Off-the-shelf model,Face/Emotion,Not reported,"Happiness was the only variable that was significantly different between forest and urban settings.
emales showed more positive and less negative emotional expressions than males.
age appeared to have a negative impact on positive expressions.",Yes,Unrepresentative populations,No,Not mentioned,No,Asia,No,,,,"the choice of urban settings can be more specific to eliminate possible impacts from inner-group difference.
data may have suffered strong variation due to the differences of the dimensions in our cities.
ur age range may have suffered from a great deal of uncertainty.",,Include,Lu,
rayyan-340815366,Coloring the destination: The role of color psychology on Instagram,2020,Tourism Management,18793193 (ISSN); 02615177 (ISSN),https://www.scopus.com/inward/record.uri?eid=2-s2.0-85082194638&doi=10.1016%2Fj.tourman.2020.104110&partnerID=40&md5=c4b169a1076bce88d1aa5e534adcea7c,"[""Fachhochschule Salzburg, Department of Innovation and Management in Tourism, Salzburg, Austria"", ""University of Leeds, Applied Translation Studies, Leeds, United Kingdom"", ""Edith Cowan University, School of Business and Law, Perth, Australia""]",Tourism,Psychology,Asia,2017-2019,Instagram,China,Automated via API,,"1k–9,999",3472 pics,Yes,Likes,No text used,Colour Recognition,,Off-the-shelf model,Other,Not reported,"that most photos in the study sample did not possess a high level of lightness.
the degree of saturation and brightness could each positively predict the number of “likes” and comments on gastronomy-related pictures.
blue and blue-violet contribute substantially to the number of “likes” on pictures related to art and culture.
the presence of orange-yellow can positively predict the number of “likes” on city view photos.",Yes,Unrepresentative populations,No,No example images shown,No,Not mentioned,No,,,,"the selected travel guide accounts did not have the same number of followers.
it is challenging to identify authentic and fake user accounts on Instagram. Users' “liking” and commenting behaviors also vary based on their personal habits",,Include,Lu,
rayyan-340808243,Communicating climate change to young adults in China: examining predictors of user engagement on Chinese social media,2025,International Journal of Climate Change Strategies and Management,17568692 (ISSN),https://www.scopus.com/inward/record.uri?eid=2-s2.0-105002258127&doi=10.1108%2FIJCCSM-09-2024-0151&partnerID=40&md5=bbeabdbe4faade952c195e6860d8cae0,"[""Tsinghua University, School of Journalism and Communication, Beijing, China"", ""College of Arts, Humanities and Social Sciences, Cardiff, United Kingdom""]",Communication,,Asia,2020-2023,Other,China,Automated via API,,100–999,305 videos,Yes,Multiple,No text used,Other,,Off-the-shelf model,Other,Inter-coder reliability,"ideo length positively correlated with coins and favorites.
the positive correlation between the number of scenes and engagement counters.
found a significant association between long shots and user engagement.
personification of extreme weather reduced engagement.
tone influenced behaviors like giving coins and bookmarking.
language intensity in titles and content positively impacted shares and comments.",Yes,Unrepresentative populations,No,No example images shown,No,Asia,No,,,,"should explore other NGO accounts and strategies to better engage young social media users in climate-related topics.
the limited sample size may affect the generalizability of the findings.
engagement metrics may differ significantly across platforms.","formal features such as title length, video length, shot sizes and number of scene",Include,Lu,
rayyan-340807879,Contemporary visualities of ill health: On the social (media) construction of disease regimes,2025,Sociology of Health and Illness,14679566 (ISSN); 01419889 (ISSN),https://www.scopus.com/inward/record.uri?eid=2-s2.0-85204474692&doi=10.1111%2F1467-9566.13846&partnerID=40&md5=a1a560860a6962f9e4fe757728c9a49e,"The University of Sheffield, Department of Sociological Studies, Sheffield, United Kingdom",Psychology,Health,Not mentioned,2022-2023,Multiple,,Automated via API,,100–999,360 pics,No,Not applicable,Full post text,Object Recognition,,Off-the-shelf model,Object detection,Manual verification,"the emergence of platform-specific visual vernaculars of ill health.
The prevailing dimension aligns with dominant interpretations of BRCA hereditary cancer syndromes as either a strictly scientific matter or something that concerns a woman’s body.",Yes,Platform bias,Yes,Convert to line-drawings,Yes,Europe,No,,,Cross-platform,"focussing on still images reduced methodological complexity.
excluded the analysis of other mainstream platforms.","Facebook, Instagram and Twitter",Include,Lu,
rayyan-340809081,"Convergence or divergence? A cross-platform analysis of climate change visual content categories, features, and social media engagement on Twitter and Instagram",2024,Public Relations Review,03638111 (ISSN),https://www.scopus.com/inward/record.uri?eid=2-s2.0-85188417534&doi=10.1016%2Fj.pubrev.2024.102454&partnerID=40&md5=399fbbaa10625fa88c1fc9cd68da0c71,"[""University of California, Davis, Davis, United States"", ""Northwestern University, Department of Communication Studies, Evanston, United States"", ""University of Georgia, Department of Financial Planning, Athens, United States"", ""University of Georgia, Athens, United States""]",Communication,,Global,2018-2022,Multiple,Global,Automated via API,,"1k–9,999",4517 pics,Yes,Likes,No text used,Colour Recognition,Emotion Coding,Off-the-shelf model,Face/Emotion,Inter-coder reliability,"Five categories were not equally represented on each platform.
Twitter and Instagram visual content differ in warm and cool colors, brightness and colorfulness, feature and compositional complexity, and face presence.",Yes,Other,No,Not mentioned,Yes,North America,No,,,Cross-platform,"This limited scope may not provide a comprehensive understanding of the overall patterns and trends in climate change communication across all social media platforms.
focused solely on climate change.
this study focused solely on visual content.",Instagram and Twitter,Include,Lu,
rayyan-340811931,Cross-Platform Emotions and Audience Engagement in Social Media Political Campaigning: Comparing Candidates’ Facebook and Instagram Images in the 2020 US Election,2023,Political Communication,10917675 (ISSN); 10584609 (ISSN),https://www.scopus.com/inward/record.uri?eid=2-s2.0-85141072884&doi=10.1080%2F10584609.2022.2128949&partnerID=40&md5=5fcca03368bfd722b70ce37412d07b07,"[""Lunds Universitet, Department of Communication and Media, Lund, Sweden"", ""Syddansk Universitet, Digital Democracy Centre, Odense, Denmark""]",Communication,Politics,Not mentioned,Not mentioned,Multiple,,Automated via API,,"1k–9,999",8180 pics,No,,No text used,Emotion Coding,,Off-the-shelf model,Face/Emotion,Inter-coder reliability,"suggest more convergence than divergence in campaigns’ visual communication on social media.
warrant more attention to how audiences respond to politician’s facial expressions across platforms.",Yes,Platform bias,No,Not mentioned,No,Europe,No,,,Cross-platform,we acknowledge that our study is limited to the data-type we study,Instagram and Facebook,Include,Lu,Study time window not in YYYY or YYYY-YYYY (manual check)
rayyan-340808242,Customer Visual Perception of Indoor Environments: Computer Vision Analysis of Social Media Photos of Cafés in China,2025,Leisure Sciences,01490400 (ISSN); 15210588 (ISSN),https://www.scopus.com/inward/record.uri?eid=2-s2.0-105002267743&doi=10.1080%2F01490400.2022.2123873&partnerID=40&md5=e098faa56db9b7991834ae7a4d06ee8f,"[""Nanjing Normal University, School of Fine Arts, Nanjing, China"", ""Jiangsu Information Institute of Science and Technology, Nanjing, China"", ""Southeast University, Institute of Architectural Algorithms and Applications, Nanjing, China""]",Tourism,Business,Asia,,Multiple,China,Not mentioned,,"1k–9,999",2670 pics,No,,No text used,Narrative of images,Network Analysis,Off-the-shelf model,Scene classification,Manual verification,"in the indoor environment, visual attention is paid more to medium-scale scenes.
iconic items are easier to reflect and spread in photos than the overall atmosphere of the environment.
designers pay more attention to the unity of the overall style, while consumers’ visual experience conveyed in their photos is more fragmented.",Yes,Model bias,No,Not mentioned,Yes,Asia,No,,,,"This study applied the content analysis of photos by deep learning models, which have a “black box” controversial interpretability.",,Include,Lu,
rayyan-340815882,Determinants of Football Fans’ Happiness: Evidence from Facial Emotion Recognition,2020,Journal of Happiness Studies,13894978 (ISSN),https://www.scopus.com/inward/record.uri?eid=2-s2.0-85065197209&doi=10.1007%2Fs10902-019-00119-5&partnerID=40&md5=e932ca3f4f23e96571b41376318f71a6,"HSE University, International Laboratory of Intangible-driven Economy, Moscow, Russian Federation",Interdisciplinary,,Europe,2014-2017,Other,Russia,Not mentioned,,"10k–99,999","about 10,000 photos",No,,No text used,Emotion Coding,,Off-the-shelf model,,Not reported,"women tend to express more happiness and are more sensitive to events.
differences in fans’ happiness across teams or stadiums.
",Yes,Other,No,Not mentioned,No,Not mentioned,No,,,,"we may give less weight to more important and memorable moments.
without considering its different types and consequences.",VKontakte,Include,Lu,
rayyan-340808468,Digital witnesses to the crime: Visual representation of the Bucha massacre across social media platforms,2024,"Media, War and Conflict",17506360 (ISSN); 17506352 (ISSN),https://www.scopus.com/inward/record.uri?eid=2-s2.0-85190456977&doi=10.1177%2F17506352241243302&partnerID=40&md5=b35f3bde1c42cf5bac90b0af6a9dd2b4,,Politics,Communication,Europe,2022,Multiple,,Automated via API,,"1k–9,999",6185 pics,Yes,Likes,No text used,Thematic Coding,Network Analysis,Off-the-shelf model,Scene classification,Not reported,"each platform depicted a unique perspective of the event, despite frequent circulation of the very same photos.",Yes,Platform bias,No,Not mentioned,No,Europe,No,,,,"The first limitation stems from the platforms and search parameters chosen (language). 
the editorial policies of the platforms.",Facebook Instagram Twitter,Include,Lu,
rayyan-340807337,Everyone's Privacy Matters! An Analysis of Privacy Leakage from Real-World Facial Images on Twitter and Associated User Behaviors,2025,Proceedings of the ACM on Human-Computer Interaction,25730142 (ISSN),https://www.scopus.com/inward/record.uri?eid=2-s2.0-105004405754&doi=10.1145%2F3710967&partnerID=40&md5=3ab59eaa70e65f51adc5d5383cd63407,"[""Shanghai Jiao Tong University, Shanghai, China"", ""University of Kent, Canterbury, United Kingdom"", ""The University of Edinburgh, Edinburgh, United Kingdom"", ""Institute of Information Engineering, Beijing, China""]",Sociology & Cultural Studies,,Not mentioned,Not mentioned,Twitter,,Automated via API,,"10k–99,999",27800 pics,,,,Object Recognition,,Fine-tuned model,Face/Emotion,Inter-coder reliability,"After examining images containing at least one bystander, we discovered multiple subcategories of face privacy scenarios that have never been reported before.
Uploaders do not actively anonymize faces in images, especially when the faces belong to bystanders.
Account type and profile image type are related to uploaders’ non-anonymization behavior.
Inadequate anonymization of faces may lead to insufficient privacy protection.",Yes,"Platform bias, model bias",Yes,Not mentioned,Yes,Asia,No,,,,"Definition of Bystander.
Datasets.
Model Errors.",,Include,Lu,Study time window not in YYYY or YYYY-YYYY (manual check)
rayyan-340812977,How to “Read” a Destination from Images? Machine Learning and Network Methods for DMOs’ Image Projection and Photo Evaluation,2022,Journal of Travel Research,00472875 (ISSN); 15526763 (ISSN),https://www.scopus.com/inward/record.uri?eid=2-s2.0-85100971238&doi=10.1177%2F0047287521995134&partnerID=40&md5=9b3ae5a3c52548363847a0d0c23d697b,"[""University of Houston, Houston, United States"", ""Beijing International Studies University, School of Tourism Sciences, Beijing, China"", ""Research Center of Beijing Tourism Development, Beijing, China"", ""Temple University, Department of Tourism and Hospitality Management, Philadelphia, United States""]",Tourism,Communication,North America,2011-2019,Instagram,USA,Automated via API,,"10k–99,999",28106 photos,Yes,Likes,No text used,Narrative of images,Network Analysis,Off-the-shelf model,Object detection,Manual verification,"if an OGC photo posted on social media contains elements that sit in the “core” of tourists’ minds, it is likely to generate increased online engagement. 
the interrelationship between projected and received images and points to the significance of an audience-driven process and coherence among messages from different sources in communicating a destination’s brand image.
recognize tourists’ self-performance and impression management motivations when creating and sharing travel photos.",Yes,"Platform bias, model bias",No,Not mentioned,Yes,Asia,No,,,,"we focused on a single destination (Los Angeles) and only one social media channel.
the machine learning algorithm used in this study was not specifically designed for tourism and destination contexts. 
with limited access to metadata",adjective–noun pairs (ANPs),Include,Lu,
rayyan-340808267,Identification and Classification of Images in e-Cigarette-Related Content on TikTok: Unsupervised Machine Learning Image Clustering Approach,2025,Substance Use and Misuse,10826084 (ISSN); 15322491 (ISSN),https://www.scopus.com/inward/record.uri?eid=2-s2.0-105001799808&doi=10.1080%2F10826084.2024.2447415&partnerID=40&md5=ec5579ffb381b45e4d3bc7ac6219692f,"[""Yale School of Medicine, New Haven, United States"", ""The University of Texas at Austin, School of Journalism and Media, Austin, United States""]",Sociology & Cultural Studies,,Not mentioned,2021,Tiktok,,Manual,,100–999,838 images,Yes,Tags,No text used,Thematic Coding,,Off-the-shelf model,Object detection,Manual verification,"we found depictions of e-cigarette products (e.g., devices) on TikTok. 
We also found various types of vapor clouds, associated with vape tricks.",Yes,"Platform bias, model bias, other",No,No example images shown,No,North America,No,,,,"the results may not represent all posts related to e-cigarettes on TikTok.
the images in each video might not represent the TikTok posts, and the resulting image clusters may not represent the most suitable grouping of images.
image clustering takes into account other factors.
we did not assess how users engaged with different themes.
the included posts were collected in November 2021.
we selected one screenshot per post to include in the image clustering model.",Cluster Analysis,Include,Lu,
rayyan-340806877,"Insights into space tourism discourse on TikTok using a deep visual model and a text mining method: trends, topics, and public attitudes",2025,Humanities and Social Sciences Communications,26629992 (ISSN),https://www.scopus.com/inward/record.uri?eid=2-s2.0-105004345817&doi=10.1057%2Fs41599-025-04936-3&partnerID=40&md5=a7fda7c0c2ebc4deb7577c4d16d759a7,"[""Xidian University, School of Economics and Management, Xi'an, China"", ""Academy of Mathematics and System Sciences Chinese Academy of Sciences, Beijing, China"", ""Chinese Academy of Sciences, Center for Forecasting Science, Beijing, China"", ""ShanghaiTech University, School of Entrepreneurship and Management, Shanghai, China""]",Tourism,Sociology & Cultural Studies,Not mentioned,2017-2023,Tiktok,,Not mentioned,,"100k–999,999",188450 images,Yes,Comments,Full post text,Object Recognition,,Off-the-shelf model,Object detection,Not reported,"(1) From a global perspective, commercial enterprises gradually dominate the space tourism industry; 
(2) Focusing on the Chinese market, the space tourism products accessible to the general public are terrestrial forms, which have been successfully launched in many cities across China and mainly attract parent-child travelers and leisure travelers; 
(3) Chinese market perceptions revolve around “high risk, high cost” in the negative aspect, while positive perceptions involve “excitement, motivation, and support”.",Yes,Platform bias,No,No example images shown,No,Asia,No,,,,"only data from the TikTok platform was used, other social media platforms were not considered.
considering the research goal to investigate public attitudes, this paper solely utilized the LDA method for textual exploratory analysis, and more research methods are needed for verification and supplementation.",,Include,Lu,
rayyan-340807306,Investigating banks’ social media content and consumer reactions with machine learning,2025,"Journal of Open Innovation: Technology, Market, and Complexity",21998531 (ISSN),https://www.scopus.com/inward/record.uri?eid=2-s2.0-105000420733&doi=10.1016%2Fj.joitmc.2025.100512&partnerID=40&md5=648307b3abcf211414a9a4c0927bd318,"[""Budapest University of Technology and Economics, Department of Management and Business Economics, Budapest, Hungary"", ""Budapest University of Technology and Economics, Budapest, Hungary""]",Sociology & Cultural Studies,,North America,2012-2022,Twitter,USA,Not mentioned,,"10k–99,999","41,093 pics",Yes,Likes,Full post text,Other,,Off-the-shelf model,Other,Manual verification,"video posts are less common in the financial sector.
banks' tweets generally received very few consumer reactions.",Yes,Unrepresentative populations,Yes,No example images shown,No,Europe,No,,,,"there is room for further investigation and more specific feature engineering.
when extracting texts from images, automatic correction of sentence accuracy should be attempted, and topic analysis could be handled differently.
the outcome variable and the dataset itself could be defined and collected differently","Colour Recognition, Object Recognition, Narrative of images, Emotion Coding, Thematic Coding",Include,Lu,
rayyan-340807854,Investigating cultural ecosystem services of the Caatinga on Flickr,2025,Ethnobiology and Conservation,22384782 (ISSN),https://www.scopus.com/inward/record.uri?eid=2-s2.0-85208481023&doi=10.15451%2FEC2024-10-14.08-1-9&partnerID=40&md5=89f3eba54a765b511a3cbe09f0b782f6,"[""Universidade Federal de Pernambuco, Department of Botany, Recife, Brazil"", ""Universidade Federal Rural de Pernambuco, Programa de Pós-Graduação em Etnobiologia e Conservação da Natureza, Recife, Brazil""]",Environment & Landscape,Interdisciplinary,Latin America,2012-2022,Flickr,Brazil,Automated via API,,100–999,488 pics,No,,No text used,Thematic Coding,,Off-the-shelf model,Scene classification,Manual verification,The utilization of social media has proven to be a valuable tool for comprehending societal inclinations towards CES in Caatinga.,Yes,Unrepresentative populations,No,No example images shown,No,Latin America,No,,,,"This can be explained primarily by the fact that people living in the Caatinga do not have access to flickers.
the Caatinga has far fewer integral protection units (29) than the other two major biomes in the country: the Amazon (112) and Atlantic Forest",,Include,Lu,
rayyan-340814956,Investigating visual content shared over twitter during the 2019 eu parliamentary election campaign,2021,Media and Communication,21832439 (ISSN),https://www.scopus.com/inward/record.uri?eid=2-s2.0-85101075631&doi=10.17645%2Fmac.v9i1.3421&partnerID=40&md5=812457011b8f4799401c9577e6ef4eed,"[""Oxford Social Sciences Division, Oxford, United Kingdom"", ""Budapesti Corvinus Egyetem, Doctoral School of Sociology, Budapest, Hungary""]",Politics,Communication,Europe,2019,Twitter,Europe,Automated via API,based on a 95% confidence interval and a more or less 4% margin of error,"1k–9,999","1,097 images",No,,Full post text,Narrative of images,Thematic Coding,Off-the-shelf model,Scene classification,Inter-coder reliability,"First, anti-European visuals, populist anti-elite messages, and to a lesser extent extremist content around religion, were shared in substantial amounts ahead of the elections.
Second, political humor emerged through our analysis as a popular vessel for Eurosceptic and anti-elite messaging in social media discourse.
Third, at odds with growing concerns surrounding the credibility and quality of political content circulating on social media.",Yes,Platform bias,No,No example images shown,,Europe,No,,,,"the focus on a single platform, Twitter.
our findings are specific to both the temporal and socio-technical contexts in which they were collected.",,Include,Lu,
rayyan-340806843,Leveraging data analytics for detection and impact evaluation of fake news and deepfakes in social networks,2025,Humanities and Social Sciences Communications,26629992 (ISSN),https://www.scopus.com/inward/record.uri?eid=2-s2.0-105010198352&doi=10.1057%2Fs41599-025-05389-4&partnerID=40&md5=a892da4dcc50bcd8973898e898926636,"[""Alliance Manchester Business School, Manchester, United Kingdom"", ""Manchester Metropolitan University Business School, Manchester, United Kingdom"", ""Alliance Manchester Business School, Centre for AI and Decision Sciences, Manchester, United Kingdom""]",Communication,Sociology & Cultural Studies,Global,Not mentioned,Multiple,,Automated via API,,"100k–999,999",,Yes,Multiple,Full post text,Network Analysis,Image Plot,Custom model,Scene classification,Not reported,"• Visual content plays a central role in shaping meaning across platforms.
• Image–text relationships differ significantly by platform affordances.
• Large-scale visual analysis enables identification of macro-level discourse patterns.",Yes,Access/privacy constraints,Not applicable,Anonymization (hide IDs/avatars),No,Europe,No,,,Cross-country,"• Platform-specific affordances limit generalizability
• API access constraints shape available data
• Visual interpretation remains partially context-dependent",Strong methods-focused contribution; important reference for visual social media analysis frameworks rather than a single empirical case.,Include,Abi,Study time window not in YYYY or YYYY-YYYY (manual check)
rayyan-340806824,Leveraging deep learning for destination image visualization to measure chromatic prominence in heritage tourism,2025,npj Heritage Science,30593220 (ISSN),https://www.scopus.com/inward/record.uri?eid=2-s2.0-105014727841&doi=10.1038%2Fs40494-025-02004-2&partnerID=40&md5=116eea32b186de885aedb080ee547a5e,"[""Jinan University, Guangzhou, China"", ""Kennesaw State University, Department of Geography & Anthropology, Kennesaw, United States"", ""Uniwersytet im. Adama Mickiewicza w Poznaniu, Faculty of Human Geography and Planning, Poznan, Poland"", ""Jinan University, Department of Management, Guangzhou, China""]",Tourism,Information Management,Asia,2025,Other,,Automated via API,,"10k–99,999",,Yes,Multiple,No text used,Trends of images,Colour Recognition,Off-the-shelf model,Object detection,Against gold standard,"• Tourists’ chromatic perceptions differ systematically between dark and red heritage tourism sites.
• Dark tourism sites are dominated by dark/black tones and negative sentiment, while red tourism sites exhibit warmer colors and more positive affect.
• Deep learning enables scalable, multidimensional measurement of destination image using UGC.",Yes,Unrepresentative populations,Not applicable,Anonymization (hide IDs/avatars),Yes,Europe,Yes,Europe,Asia,Cross-country,"• User cultural background was not differentiated.
• Dark–red dominance was not quantitatively scaled beyond categorical labels.
• Findings may not generalize beyond the Chinese heritage tourism context.","Large-scale deep learning–based visual analysis integrating color, object, sentiment, and aesthetics; strong example of computational visual social media research in tourism.",Include,Abi,
rayyan-340815546,Machine learning and points of interest: typical tourist Italian cities,2020,Current Issues in Tourism,13683500 (ISSN),https://www.scopus.com/inward/record.uri?eid=2-s2.0-85068934945&doi=10.1080%2F13683500.2019.1637827&partnerID=40&md5=a81fc14c9889944148746d143885c8b0,"[""Università della Calabria, Department of Physics, Rende, Italy"", ""Università della Calabria, Department of Mechanical Engineering, Rende, Italy""]",Tourism,Information Management,Europe,2014-2016,Flickr,Italy,Automated via API,,"10k–99,999",,Yes,Multiple,No text used,Geospatial Analysis,Trends of images,Off-the-shelf model,Other,Not reported,"• Geo-tagged social media images can effectively reveal tourist mobility and attraction hotspots.
• Machine learning clustering identifies Points of Interest without prior labeling.
• Social media images provide valuable insights for tourism planning and destination management.",Yes,Platform bias,Not applicable,Not mentioned,No,Europe,No,,,,"• Reliance on a single social media platform
• Limited representativeness of tourist populations
• Results may not generalize to other platforms",Uses unsupervised machine learning (DBSCAN clustering). Focuses on spatial metadata rather than visual content semantics. Emphasizes methodological contribution to tourism analytics,Include,Abi,
rayyan-340815273,Mapping destination images and behavioral patterns from user-generated photos: a computer vision approach,2020,Asia Pacific Journal of Tourism Research,10941665 (ISSN); 17416507 (ISSN),https://www.scopus.com/inward/record.uri?eid=2-s2.0-85095737453&doi=10.1080%2F10941665.2020.1838586&partnerID=40&md5=85c35f73b489fcde0a8ff1e06baa95e7,"[""Nankai University, College of Tourism and Service Management, Tianjin, China"", ""Durham University Business School, Durham, United Kingdom""]",Tourism,Information Management,Asia,2004-2014,Flickr,China,Automated via API,,"10k–99,999",,Yes,Multiple,Captions only,Object Recognition,Geospatial Analysis,Custom model,Scene classification,Against gold standard,"• Tourists and residents exhibit distinct visual perceptions of Hong Kong
• Tourists focus more on architecture and food, residents on nature and culture
• Spatial trajectories reveal different mobility and activity patterns",Yes,Geographic noise/mis-geotagging,Not applicable,Not mentioned,Yes,Multiple,Yes,Asia,North America,,"• Findings may not generalize across platforms
• Temporal dynamics not deeply examined
• Computer vision accuracy constrained by training data",Large-scale automated visual analysis; strong exemplar of CV-based tourism research,Include,Abi,
rayyan-340814813,"Memes, brands and the politics of post-terror togetherness: following the Manchester bee after the 2017 Manchester Arena bombing",2021,Information Communication and Society,1369118X (ISSN),https://www.scopus.com/inward/record.uri?eid=2-s2.0-85108456262&doi=10.1080%2F1369118X.2021.1942957&partnerID=40&md5=d261d910e53eb3d03926140304192247,"Umeå Universitet, Department of Sociology, Umea, Sweden",Communication,Sociology & Cultural Studies,Europe,2017-2018,Instagram,UK,Mixed,,"10k–99,999",,Yes,Multiple,Captions only,Image Plot,Thematic Coding,Off-the-shelf model,Other,Manual verification,"• The Manchester bee became a unifying meme expressing post-terror togetherness across online and offline spaces.
• Grassroots memeification preceded and enabled institutional brand adoption by city authorities.
• Official branding later obscured political tensions related to exclusion, gentrification, and far-right appropriation.",Yes,Platform bias,No,Anonymization (hide IDs/avatars),Yes,Europe,No,,,,"• Instagram users are demographically skewed, limiting representativeness.
• Analysis privileges highly visible and highly digital responses over less visible forms of mourning.
• Machine-learning clustering requires subjective interpretation by researchers.",Strong example of mixed-method visual social media research combining computational image analysis with critical qualitative interpretation.,Include,Abi,
rayyan-340811525,Presence of agriculture in photos of Norwegian landscapes uploaded to Flickr,2023,Norsk Geografisk Tidsskrift,00291951 (ISSN); 15025292 (ISSN),https://www.scopus.com/inward/record.uri?eid=2-s2.0-85173792130&doi=10.1080%2F00291951.2023.2257210&partnerID=40&md5=b5b0eef219c4bafb121d71801a82de08,"[""Norsk institutt for bioøkonomi, Department of Landscape Monitoring, As, Norway"", ""Norsk institutt for bioøkonomi, Department of Geomatics, As, Norway""]",Environment & Landscape,Tourism,Europe,2016-2020,Flickr,Norway,Automated via API,,"10k–99,999",,Yes,Multiple,Captions only,Thematic Coding,Geospatial Analysis,Custom model,,Against gold standard,"• Agricultural landscapes appear frequently in Flickr photos of Norway despite covering a small land area.
• Agricultural elements are visually present but rarely acknowledged via hashtags.
• Agricultural landscapes contribute significantly to cultural ecosystem services and landscape perception.",Yes,Unrepresentative populations,No,Not mentioned,Yes,Europe,No,,,,"• Flickr users may not represent the general population or tourists accurately
• Declining Flickr usage over time
• Inability to compare with Instagram due to data access restrictions","Relevant for landscape, tourism, and environmental perception studies",Include,Abi,
rayyan-340811684,Professional Athletes’ Visual Self-Presentation Strategies: An Investigation on Instagram,2023,Pamukkale Journal of Sport Sciences,13090356 (ISSN),https://www.scopus.com/inward/record.uri?eid=2-s2.0-85161697868&doi=10.54141%2Fpsbd.1260960&partnerID=40&md5=072ca111e1365fbbbcd8135c7fce6f4f,"Ege Üniversitesi, Faculty of Sport Sciences, Izmir, Turkey",Communication,Business,Global,2017,Instagram,"USA, EU, Australia, Africa, Middle East",Manual,,"10k–99,999",,Yes,Multiple,Captions only,Thematic Coding,Comparing Images,,,Inter-coder reliability,"• Athletes predominantly post content related to business and personal life rather than fans.
• Male athletes post more frequently and receive higher engagement than female athletes.
• Content from non-sport settings and athletic action attracts the most engagement.",Yes,Unrepresentative populations,Yes,No example images shown,No,Europe,No,,,,"• Focused only on elite athletes with high visibility and follower counts
• Findings may not generalize to lower-ranked or less-visible athletes
• Dataset restricted to a single one-year period",Mixed-methods study combining qualitative coding and quantitative chi-square tests,Include,Abi,
rayyan-340807971,Projected Destination Image of Beijing on Instagram: A Sequential Research Design,2025,Journal of Travel Research,00472875 (ISSN); 15526763 (ISSN),https://www.scopus.com/inward/record.uri?eid=2-s2.0-85181219851&doi=10.1177%2F00472875231210817&partnerID=40&md5=b8baef7de064c1dbded3cde1f9895ba5,"[""Curtin University, Social Media Research Lab, Perth, Australia"", ""Zhejiang Gong Shang University, Modern Business Research Center, Hangzhou, China""]",Tourism,Business,Asia,2017-2021,Instagram,China,Automated via API,,"1k–9,999",,Yes,Multiple,Captions only,Image Type Identification,Comparing Images,Off-the-shelf model,Scene classification,Not reported,"• Beijing’s projected image clusters into food, urban landscape, traditional events/art, outdoor landscape/activities. ￼
• High engagement (likes) is associated with content configurations: building+sky, building+event, sky+event. ￼
• Food-related images tend to be less associated with high likes in their configurational results.",Yes,Other,No,Not mentioned,Yes,Asia,No,,,,"• Likes-only as engagement.
• DMO-only images.","Uses sequential design: Instaloader scraping, then, Google Cloud Vision label extraction, then, two-stage k-means clustering (silhouette), finally, fsQCA on label configurations predicting high likes.",Include,Abi,
rayyan-340806845,Quantifying tourist perception of cultural landscapes in traditional towns in China using multimodal machine learning,2025,npj Heritage Science,30593220 (ISSN),https://www.scopus.com/inward/record.uri?eid=2-s2.0-105010162153&doi=10.1038%2Fs40494-025-01907-4&partnerID=40&md5=20535da7733fbe4424daa403de4eac54,"[""Huaiyin Teachers University, College of Fine Arts, Huainan, China"", ""Huaiyin Teachers University, School of Computer Science and Technology, Huainan, China"", ""Shanwei Institute of Technology, School of Engineering, Shanwei, China"", ""Shanwei Innovation Industrial Design & Research Institute, Shanwei, China""]",Tourism,Environment & Landscape,Asia,2015-2025,Other,China,Automated via API,,≥1M,,Yes,Multiple,Full post text,Object Recognition,Emotion Coding,Off-the-shelf model,Scene classification,Manual verification,"• Multimodal fusion of images and text improves representation of tourist perception
• Experience-related features most strongly influence ratings and sentiment
• Different town types emphasize different visual and experiential features",Yes,Unrepresentative populations,Not applicable,Collect images without metadata only,Yes,Asia,No,,,,"• Reliance on a single platform.
• Limited causal inference; regional concentration in China.
• Potential user bias in social media data.",Strong example of interpretable multimodal ML (CLIP + XGBoost + SHAP) applied to large-scale visual social media data,Include,Abi,
rayyan-340808644,Rally ’Round the Mask: Congressional Social Media Images and Masking during COVID-19,2024,Journal of Politics,00223816 (ISSN); 14682508 (ISSN),https://www.scopus.com/inward/record.uri?eid=2-s2.0-85204372590&doi=10.1086%2F730726&partnerID=40&md5=dc458aff59e84d42deb20f1d7dc29b1f,"[""Trinity College Dublin, Dublin, Ireland"", ""University of Exeter, Centre for Climate Communication and Data Science, Exeter, United Kingdom"", ""University of Houston, Hobby School, Houston, United States""]",Politics,Communication,North America,2020-2021,Multiple,USA,Automated via API,,"100k–999,999",,Yes,Multiple,No text used,Object Recognition,Trends of images,Custom model,Object detection,Against gold standard,"• Members of Congress increased mask-related imagery during key COVID-19 moments
• Partisan differences existed but were moderated by crisis events
• Trump’s behavior strongly influenced Republican visual messaging",Yes,Platform bias,Not applicable,Other,Yes,Multiple,Yes,North America,Latin America,Cross-platform,"• Focuses only on US congressional elites.
• Image interpretation limited to mask detection.
• Does not measure audience reception.",Large-scale automated visual analysis using CNNs; strong example of political image-as-data research,Include,Abi,
rayyan-340808446,"Short, Long, and Segmented Learning Videos: From YouTube Practice to Enhanced Video Players",2024,"Technology, Knowledge and Learning",22111670 (ISSN); 22111662 (ISSN),https://www.scopus.com/inward/record.uri?eid=2-s2.0-85197550849&doi=10.1007%2Fs10758-024-09745-2&partnerID=40&md5=ea25110c16c8f7b5f929207ebd240426,"FernUniversität in Hagen, Hagen, Germany",Education,Information Management,Europe,2005-2022,Other,Germany,Automated via API,,≥1M,,Yes,Multiple,Captions only,Trends of images,Comparing Images,Custom model,Other,Against gold standard,"• Short and segmented videos dominate educational YouTube practice
• Segmented videos significantly improve learning outcomes
• Video player design matters more than video length alone",Yes,Unrepresentative populations,Not applicable,Not mentioned,Yes,Europe,No,,,,"• Small user-study sample.
• Platform-specific findings.
• Inability to capture attention quality",Large-scale YouTube metadata study combined with experimental validation; focuses on video structure rather than visual content semantics,Include,Abi,
rayyan-340808940,Social Media as a Lens for Citizen Science: Investigating Visitor Contributions in a Forest Recreational Area,2024,Sustainability (Switzerland),20711050 (ISSN),https://www.scopus.com/inward/record.uri?eid=2-s2.0-85198440808&doi=10.3390%2Fsu16135804&partnerID=40&md5=837a46af47ecb1c05c6cc5820b8dcee3,"[""Forestry and Forest Products Research Institute, Department of Forest Management, Tsukuba, Japan"", ""University of Tsukuba, Tsukuba, Japan"", ""National Institute for Environmental Studies of Japan, Biodiversity Division, Tsukuba, Japan""]",Environment & Landscape,Information Management,Asia,2009-2023,Other,Japan,Automated via API,,"1k–9,999",,Yes,Multiple,No text used,Comparing Images,Image Type Identification,,,Manual verification,"• Social media platforms like Google Maps provide dense, spatially explicit biodiversity and recreation data even for small areas.
• Users fall into distinct behavioral clusters, which influence what they photograph.
• Repeat visitors tend to act as seasonal ecological observers, documenting plant phenology such as spring blossoms.",Yes,Missing/fabricated demographics,Not applicable,Anonymization (hide IDs/avatars),Yes,Asia,No,,,,"• Social media data may not reflect full visitor behavior.
• Posts may be deleted in future, no guarantee of stability.
• Focus on one site and one platform limits generalizability.","This paper is heavy on taxonomy development, behavior clustering, and implications for recruiting citizen scientists. No automated computer vision or NLP.",Include,Abi,
rayyan-340807408,TCE-DBF: textual context enhanced dynamic bimodal fusion for hate video detection,2025,Data Technologies and Applications,25149318 (ISSN); 25149288 (ISSN),https://www.scopus.com/inward/record.uri?eid=2-s2.0-105002329581&doi=10.1108%2FDTA-02-2024-0211&partnerID=40&md5=e5b16089a2d92f1d6accffef8eda198d,"Beijing Technology and Business University, School of Computer and Artificial Intelligence, Beijing, China",Information Management,Interdisciplinary,Not mentioned,Not mentioned,Other,Not mentioned,Mixed,,"1k–9,999",,Yes,Captions,Captions only,Object Recognition,Comparing Images,Custom model,Scene classification,Against gold standard,"• Proposed TCE-DBF multimodal fusion model significantly outperforms existing hate-video classifiers. 
• Text extracted from video frames (OCR) greatly strengthens prediction accuracy. 
• Text modality contributes the most weight during multimodal fusion (shown via DMG visualization).",Yes,Model bias,No,Not mentioned,Yes,Asia,No,,,,"• Text modality dominates, causing potential overreliance. 
• OCR quality varies across videos. 
• Dataset may not generalize across platforms. 
• Model may overfit after certain epochs. 
","Highly technical multimodal deep learning paper; strong emphasis on OCR and audio-text synergy; not traditional social-science image analysis.
",Include,Abi,Study time window not in YYYY or YYYY-YYYY (manual check)
rayyan-340813217,"Tech, Sex, and E-cigarettes: The Gendering of Vape Promotion on Instagram",2022,Journal of Health Communication,10870415 (ISSN); 10810730 (ISSN),https://www.scopus.com/inward/record.uri?eid=2-s2.0-85142661577&doi=10.1080%2F10810730.2022.2150336&partnerID=40&md5=6e1f86a39c7b228b335e89d3619c44af,"[""University of Michigan Medical School, Ann Arbor, United States"", ""Lehigh University, Department of English Language & Literature, Bethlehem, United States"", ""Lehigh University, Department of Journalism and Communication, Bethlehem, United States""]",Communication,Health,Not mentioned,2020-2021,Instagram,Not mentioned,Automated via API,,"10k–99,999",,Yes,Multiple,Full post text,Thematic Coding,Network Analysis,Off-the-shelf model,,Inter-coder reliability,"• Gender strongly shapes vape influencer content strategies: women emphasized self-objectification; men emphasized technical expertise. ￼
• Male influencers more frequently posted product-only images, focusing on device parts, customization, and technical mastery.
• Female influencers more frequently posted themselves, showing bodies, faces, tattoos, and sexualized imagery, sometimes without any vape product at all.",Yes,Researcher subjectivity,No,Face blurring,Yes,North America,No,,,,"• Gender coding based on visual inference, not self-reported
• Does not include non-binary identities
• Influencer-focused dataset not representative
• Engagement metrics limited by platform norms","Strong integration of feminist theory, objectification theory, and influencer studies.
Useful exemplar of combining textual and visual coding at scale.",Include,Abi,
rayyan-340807966,The “memeification” of sexual health communication on Instagram,2025,Sex Education,14720825 (ISSN); 14681811 (ISSN),https://www.scopus.com/inward/record.uri?eid=2-s2.0-85182172320&doi=10.1080%2F14681811.2023.2300069&partnerID=40&md5=0225121e951b3cfc91763c31f0be69f5,"[""University of Miami, School of Nursing and Health Studies, Coral Gables, United States"", ""The City University of New York, Department of Community Health and Social Sciences, New York, United States"", ""Yale University, New Haven, United States""]",Health,Communication,North America,2019-2020,Instagram,USA,Manual,,100–999,,Yes,Multiple,Captions only,Trends of images,Thematic Coding,,,Manual verification,"• Memes significantly outperformed all other post types in likes, shares, saves, reach, and impressions. ￼
• Memes helped convert Instagram followers into podcast listeners, supporting multi-platform sexual health engagement.
• Most common meme themes were relationships (35.6%) and sex positivity (22.7%), showing strong user resonance.",Yes,Platform bias,No,Not mentioned,Yes,North America,No,,,,"• Instagram does not allow full retroactive analytics retrieval
• Posting-time data unavailable
• Some insight metrics affected by COVID-19 disruptions
• Instagram’s gender reporting is binary",Case study of a sexual-health intervention using meme-based communication. Strong use of Instagram analytics; highly descriptive metrics-driven study.,Include,Abi,
rayyan-340807905,"The impact of visual, auditory, textual stimuli on crowdfunding: evidence from tourism projects",2025,Current Issues in Tourism,13683500 (ISSN),https://www.scopus.com/inward/record.uri?eid=2-s2.0-85199497563&doi=10.1080%2F13683500.2024.2378608&partnerID=40&md5=72a13f54016621d63f5bb0fc1614edff,"[""University of Macau, Department of Integrated Resort and Tourism Management, Taipa, Macao"", ""Hainan University, Department of Tourism Management, Haikou, China""]",Business,Tourism,Global,Not mentioned,Other,Not mentioned,Automated via API,,"1k–9,999",,Yes,Captions,Full post text,Object Recognition,Trends of images,Off-the-shelf model,Object detection,Not reported,"• Text is the strongest predictor of crowdfunding success; video is moderately predictive, images are weakest. 
• Higher video resolution, more scenes, and greater visual variation improve prediction of success. 
• Multimodal combinations outperform any single stimulus; content consistency across modalities has limited predictive benefit. 
",Yes,Platform bias,No,Not mentioned,Yes,Asia,Yes,Asia,Europe,,"• Data from only one platform (Indiegogo). 
• Focuses on prediction rather than explanation. 
• Does not examine sequencing of stimuli users see.","Highly technical multimodal ML pipeline; rare example integrating image + video + audio + text in tourism crowdfunding forecasting.
",Include,Abi,Study time window not in YYYY or YYYY-YYYY (manual check)
rayyan-340807421,"The memeification of China’s Twitter diplomacy, 2019–2022: Adding memes to the toolkit of China’s wolf warrior diplomats",2025,Global Media and Communication,17427665 (ISSN); 17427673 (ISSN),https://www.scopus.com/inward/record.uri?eid=2-s2.0-85217391242&doi=10.1177%2F17427665251316027&partnerID=40&md5=f7be1b62f665110065a660ba9f2eba61,"Aarhus Universitet, Aarhus, Denmark",Communication,Politics,Asia,2019-2022,Twitter,China,Automated via API,,"1k–9,999",,Yes,Multiple,Full post text,Network Analysis,Thematic Coding,Custom model,Other,Manual verification,"• Memes significantly increased engagement and virality in Chinese digital diplomacy.
• Playful and sarcastic visual memes amplified ideological confrontation with the US and NATO.
• Meme use disrupted traditional diplomatic norms and blurred propaganda and popular culture.",Yes,Platform bias,Not applicable,Not mentioned,Yes,Europe,No,,,,"• Focus limited to Twitter.
• difficulty assessing audience interpretation.
• emphasis on highly visible accounts.",Large-scale mixed-method study combining computational analysis and qualitative meme analysis. Strong example of DS + visual social media research.,Include,Abi,
rayyan-340807666,The Popularity Gap: Effects of Social Status on the Visibility of Lifestyle Sports Stars on Instagram,2025,Communication and Sport,21674795 (ISSN); 21674809 (ISSN),https://www.scopus.com/inward/record.uri?eid=2-s2.0-85181485221&doi=10.1177%2F21674795231225620&partnerID=40&md5=c02be5d015324a2f35c5e38bb72ff652,"West Virginia University, Department of Sociology and Anthropology, Morgantown, United States",Communication,Psychology,North America,2020-2022,Instagram,USA,Mixed,,"1k–9,999",,Yes,Multiple,Captions only,Thematic Coding,Comparing Images,,,Inter-coder reliability,"• Gender, dominance, and physical attractiveness significantly influence Instagram popularity
• High-status athletes receive disproportionate visibility independent of effort
• Visual self-branding does not fully offset structural inequalities",Yes,Unrepresentative populations,No,No example images shown,No,North America,No,,,,"• Sample limited to one sport; focus on one platform
• findings may not generalize to other athletic domains",Visual analysis combined with statistical modeling; no automated image analysis,Include,Abi,
rayyan-340816225,The visual vaccine debate on twitter: A social network analysis,2020,Media and Communication,21832439 (ISSN),https://www.scopus.com/inward/record.uri?eid=2-s2.0-85089000453&doi=10.17645%2Fmac.v8i2.2847&partnerID=40&md5=475bc0524401bb01f245b0d6f4aee883,"[""University of the West of England, Department of Applied Sciences, Bristol, United Kingdom"", ""University of the West of England, Department of Health and Social Sciences, Bristol, United Kingdom""]",Health,Communication,Global,2016,Twitter,Not mentioned,Automated via API,,"1k–9,999",,Yes,Multiple,Full post text,Network Analysis,Comparing Images,,,Not reported,"• Anti-vaccine and pro-vaccine users form two polarized, isolated networks that rarely interact.
• Anti-vaccine images spread within dense clusters dominated by activists and parents; pro-vaccine clusters are more fragmented and led by NGOs.
• Anti-vaccine images reach broader visibility through high internal retweeting, potentially amplifying misinformation.",Yes,Platform bias,Yes,Not mentioned,No,Europe,No,,,,"• Twitter’s structure may shift over time; findings not generalizable beyond 2016.
• Manual classification risks subjective interpretation.
• Lack of geolocation and demographic metadata limits contextual interpretation.","Focuses specifically on image-sharing patterns, not textual content alone, adds novel insight into visual misinformation dynamics.",Include,Abi,
rayyan-340810000,Uncovering gender stereotypes in controversial science discourse: evidence from computational text and visual analyses across digital platforms,2024,Journal of Computer-Mediated Communication,10836101 (ISSN),https://www.scopus.com/inward/record.uri?eid=2-s2.0-85184851176&doi=10.1093%2Fjcmc%2Fzmad052&partnerID=40&md5=67dcd79a3e769f8a8938ed3e9e6a8742,"[""University of Wisconsin-Madison, Department of Life Sciences Communication, Madison, United States"", ""University of Wisconsin-Madison, Madison, United States"", ""University of Iowa, School of Journalism and Mass Communication, Iowa City, United States""]",Communication,Sociology & Cultural Studies,Global,2015-2022,Multiple,Not mentoned,Automated via API,,"1k–9,999",,Yes,Captions,Full post text,Object Recognition,Network Analysis,Custom model,Other,Manual verification,"• Gender stereotypes strongly structure digital science discourse. Women are associated with care, children, health; men with conspiracy & misinformation. 
• Clear cross-platform differences: YouTube emphasizes women’s moral language; TikTok emphasizes men/authority language. 
• Thumbnails also reflect stereotypes: women shown in vlog-style selfies or as activists; men shown in conspiracy-themed imagery.",Yes,Platform bias,Not applicable,Not mentioned,Yes,North America,No,,,Cross-platform,"• Data skew toward highly viewed YouTube videos. 
• limited exploration of platform-specific mechanisms. 
• gender stereotypes may evolve. 
• limited misinformation lexicon. 
","Uses multimodal analysis—text + thumbnails; applies Social Identity Model of Deindividuation (SIDE); explores gender-neutral vs gendered language engagement.
",Include,Abi,
rayyan-340806815,Using geo-data and social media images to explore the supply and demand of cultural ecosystem services for terraces in China,2025,Ecosystem Services,22120416 (ISSN),https://www.scopus.com/inward/record.uri?eid=2-s2.0-105016138424&doi=10.1016%2Fj.ecoser.2025.101778&partnerID=40&md5=c4000d8f8c7608bb3b255b425a6205a0,"[""Beijing Forestry University, School of Landscape Architecture, Beijing, China"", ""University College London, London, United Kingdom""]",Environment & Landscape,Interdisciplinary,Asia,2022-2024,Weibo,China,Automated via API,,"10k–99,999",,Yes,Geotags,No text used,Object Recognition,Geospatial Analysis,Fine-tuned model,Object detection,Manual verification,"• High cultural ecosystem service (CES) supply and demand clusters are concentrated in southeastern and southwestern China.
• EfficientNet-B3 achieved 92% accuracy in classifying social media images into seven CES-related categories.
• There is a significant positive spatial autocorrelation between CES supply and demand (Moran’s I = 0.372).",Yes,Unrepresentative populations,Not applicable,Not mentioned,Yes,Multiple,Yes,Asia,North America,,"• Social media demographic bias
• Subjective interpretation of images
• Geotagging inaccuracies
• Difficulty mapping intangible CES","Primarily an environmental science / GIS research paper rather than social-science analysis of social-media imagery, but it uses CNNs on social media images, so it fits your project criteria",Include,Abi,
rayyan-340812196,Valuing cultural ecosystem services combining deep learning and benefit transfer approach,2022,Ecosystem Services,22120416 (ISSN),https://www.scopus.com/inward/record.uri?eid=2-s2.0-85141318120&doi=10.1016%2Fj.ecoser.2022.101487&partnerID=40&md5=f3d5123b747ec8a17d839b5de06484e3,"[""The University of British Columbia, Department of Forest Resources Management, Vancouver, Canada"", ""ETH Zürich, Department of Environmental Systems Science, Zurich, Switzerland""]",Environment & Landscape,Information Management,North America,2005-2020,Flickr,British Columbia,Automated via API,,≥1M,,Yes,Geotags,No text used,Object Recognition,Geospatial Analysis,Fine-tuned model,Scene classification,Against gold standard,"• Deep learning CNNs achieved 85% accuracy in classifying cultural ecosystem service imagery.
• Flickr images reveal distinct recreational and aesthetic patterns across BC parks.
• Combining CNN outputs with benefit-transfer economics estimated large monetary values for recreation services.",Yes,Platform bias,Not applicable,No example images shown,Yes,Multiple,Yes,North America,Europe,,"• Flickr demographic bias and declining popularity
• Underrepresentation of certain activities
• Transfer learning limits CNN adaptability
• Some CES categories difficult to detect visually
• Possible misclassification between hiking/climbing/water-related","Highly methodological paper demonstrating deep learning for automated CES assessment + economic valuation. Strong emphasis on CNN architecture, training pipeline, and benefit transfer methodology.",Include,Abi,
rayyan-340814007,Vandalism as Symbolic Reparation Imaginaries of Protest in Nicaragua,2021,Cambridge Journal of Anthropology,03057674 (ISSN); 20477716 (ISSN),https://www.scopus.com/inward/record.uri?eid=2-s2.0-85144871662&doi=10.3167%2Fcja.2021.390203&partnerID=40&md5=c1370b42c6cf6de75d52c11828b3b8bd,"University of the Arts London, London, United Kingdom",Sociology & Cultural Studies,Politics,Latin America,2018,Multiple,Nicaragua,Manual,,Not reported,,No,,Captions only,Narrative of images,Thematic Coding,,,Not reported,"• Protest vandalism in Nicaragua functions as symbolic reparation, reclaiming political meaning. 
• Social media imagery played a central role in circulating revolutionary iconography and shaping political imaginaries. 
• Similar visual protest practices in Chile and Mexico reveal a shared repertoire of iconoclasm and public-space interventions across Latin America.",Yes,Researcher subjectivity,Not applicable,Not mentioned,Yes,Europe,No,,,Cross-country,"• Protest imagery is ephemeral and difficult to archive. 
• Social media material is fragmented and may bias interpretations. 
• Acts labelled as “vandalism” are politically contested, complicating analysis.","Focuses on visual protest practices and symbolic meaning; strong anthropological and theoretical framing; no computational methods; imagery used mainly for narrative/interpretive purposes.
",Include,Abi,
rayyan-340809082,Video source camera identification using fusion of texture features and noise fingerprint,2024,Forensic Science International: Digital Investigation,26662825 (ISSN); 26662817 (ISSN),https://www.scopus.com/inward/record.uri?eid=2-s2.0-85188233619&doi=10.1016%2Fj.fsidi.2024.301746&partnerID=40&md5=12e2707d1aba25ac6878d788994add03,"National Institute of Technology Tiruchirappalli, Department of Computer Science and Engineering, Tiruchirappalli, India",Information Management,Interdisciplinary,Not mentioned,Not Mentioned,Multiple,Not mentioned,Manual,,"1k–9,999",,Yes,Timestamps,No text used,Object Recognition,Comparing Images,Custom model,Other,Against gold standard,"• Higher Order Wavelet Statistics fused with PRNU, LBP, and GLCM features greatly improve video source app identification accuracy.
• ExtraTrees classifier achieved ~99.96% accuracy in identifying which instant messaging app encoded a video.
• Re-encoding by IMAs introduces unique traces that can be used to identify the transmission source for forensic purposes.",Yes,Platform bias,Not applicable,Collect images without metadata only,No,Asia,No,,,,"• PRNU severely affected by video compression and high-texture content
• Results may differ on real-world, user-generated videos
• Only Android IMAs tested; limited device diversity
• Feature extraction computationally heavy
",Highly technical forensic CV study; not a social-media content analysis paper. Still relevant if reviewing image-processing methods applied to media circulated online.,Include,Abi,Study time window not in YYYY or YYYY-YYYY (manual check)
rayyan-340810187,Visual Attributes of Thumbnails in Predicting YouTube Brand Channel Views in the Marketing Digitalization Era,2024,IEEE Transactions on Computational Social Systems,2329924X (ISSN),https://www.scopus.com/inward/record.uri?eid=2-s2.0-85164377410&doi=10.1109%2FTCSS.2023.3289410&partnerID=40&md5=98110e9f3a07aaf38c190370a73ef8f5,"[""Handong Global University, School of Communication Arts and Science, Pohang, South Korea"", ""Korea Advanced Institute of Science and Technology, Daejeon, South Korea"", ""Handong Global University, School of Global Entrepreneurship and Information Communication Technology, Pohang, South Korea"", ""Pohang University of Science and Technology, School of Convergence Science and Technology, Pohang, South Korea"", ""Handong Global University, School of Economics and Management, Pohang, South Korea""]",Information Management,Business,Asia,2020-2022,Other,South Korea,Automated via API,,"10k–99,999",,Yes,Tags,No text used,Object Recognition,Image Trends,Custom model,Object detection,Against gold standard,"• Offline brand ranking, subscriber count, number of channel videos, thumbnail brightness, and thumbnail colorfulness strongly predict view counts. ￼
• SVM achieved the best performance (MAPE ≈ 1.99%). ￼
• Purposefully designed thumbnails outperform automatically generated ones; visual design significantly shapes viewer selection.",Yes,Platform bias,Not applicable,Not mentioned,Yes,Asia,No,,,,"• Only Korean YouTube brand channels analyzed, limited generalizability.
• Thumbnail ""optimal"" brightness/color not precisely determined.
• Need external factors.
• Need experiments comparing different thumbnails for same video.","• Strongly visual-focused methodology.
• Heavy integration of computer vision + machine learning.
• Combines brand metadata, channel metadata, and thumbnail image attributes.",Include,Abi,
rayyan-340815937,Visual cross-platform analysis: digital methods to research social media images,2020,Information Communication and Society,1369118X (ISSN),https://www.scopus.com/inward/record.uri?eid=2-s2.0-85048867931&doi=10.1080%2F1369118X.2018.1486871&partnerID=40&md5=fb5c3c586d543f4e967377a88c980e68,"[""The University of Sheffield, iHuman, Sheffield, United Kingdom"", ""The University of Sheffield, Department of Sociological Studies, Sheffield, United Kingdom"", ""University of Michigan, Ann Arbor, English Language and Literature, Ann Arbor, United States"", ""Dublin City University, School of Communications, Dublin, Ireland"", ""Universität Potsdam, Faculty of Economics and Social Sciences, Potsdam, Germany"", ""Universidade Nova de Lisboa, iNOVA Media Lab, Lisbon, Portugal"", ""Universidade do Estado do Rio de Janeiro, Institute of Social Medicine, Rio de Janeiro, Brazil""]",Communication,Information Management,Global,2016-2017,Twitter,Not mentioned,Automated via API,,"10k–99,999",,Yes,Hashtags,Captions only,Image Trends,Network Analysis,,,Not reported,"• Each platform exhibits a distinct visual vernacular, shaped by both culture and affordances.
• Cross-platform differences show that images circulate more effectively on Twitter than Instagram despite Instagram being the “visual” platform.
• Visual methods such as image-text networks and composite images can reveal macro- and meso-level patterns in climate change communication.",Yes,Platform bias,No,Not mentioned,Yes,Multiple,Yes,North America,Europe,Cross-platform,"• Dataset relies on text-based retrieval, which can miss visually relevant content.
• API access creates structural bias.
• Image reposting patterns differ by platform, complicating comparability.",Study focuses on methodological development rather than theory-building about climate change visuals.,Include,Abi,
rayyan-340808863,Visual information and appearance: The impact of visual attributes of user-generated photos on review helpfulness,2024,Telematics and Informatics,07365853 (ISSN),https://www.scopus.com/inward/record.uri?eid=2-s2.0-85198244006&doi=10.1016%2Fj.tele.2024.102164&partnerID=40&md5=4937802d77f74d1db1aa27dd0c90f996,"[""Shanghai International Studies University, School of Business and Management, Shanghai, China"", ""Shanghai International Studies University, School of Business and Management, Shanghai, China""]",Business,Information Management,North America,2007-2023,Twitter,USA,Automated via API,,"10k–99,999",,Yes,Captions,Full post text,Object Recognition,,Fine-tuned model,Object detection,Manual verification,"• Visual breadth and visual depth significantly increase perceived review helpfulness.
• Image aesthetics alone does not increase review helpfulness.
• Reviewer status and review text length strengthen the effects of visual information on helpfulness.",Yes,Platform bias,No,Not mentioned,Yes,Asia,No,,,,"• Missing additional visual categories such as service.
• U.S. only restaurant platform, generalizability limited.
• Moderate dataset size, suggest larger datasets in future.",Advanced use of YOLOv5 + NIMA makes this a strong computational-visual analysis example; strong mapping to ELM theory.,Include,Abi,
rayyan-340814816,Visual media analysis for Instagram and other online platforms,2021,Big Data and Society,20539517 (ISSN),https://www.scopus.com/inward/record.uri?eid=2-s2.0-85108093799&doi=10.1177%2F20539517211022370&partnerID=40&md5=6b175a02d484c4c8f477549b8d5fb736,"Universiteit van Amsterdam, Media Studies, Amsterdam, Netherlands",Communication,Information Management,Global,Not Mentioned,Instagram,Global,Automated via API,,"10k–99,999",,Yes,Captions,Captions only,Image Type Identification,Image Trends,Custom model,Other,Not reported,"• Introduces “metapictures” as analytical visual arrangements enabling both close and distant reading of visual social media.
• Demonstrates methods including image similarity grouping, image composites, dominant image detection, content moderation analysis, and cross-platform comparison.
• Shows how visual datasets can reveal platform vernaculars, political alignment, misinformation patterns, and content moderation differences.",Yes,Platform bias,Not applicable,Not mentioned,Yes,Europe,No,,,Cross-platform,"• Visual analysis is constrained by platform access restrictions.
• Metadata availability varies widely across platforms.
• API restrictions hinder reproducibility.
• Automated labeling often does not capture social meaning.",Highly methodological; provides demonstrations rather than one empirical dataset. Excellent reference for visual social media analysis methods.,Include,Abi,Study time window not in YYYY or YYYY-YYYY (manual check)
rayyan-340807049,Visual Narratives and Digital Engagement: Decoding Seoul and Tokyo’s Tourism Identity Through Instagram Analytics,2025,Tourism and Hospitality,26735768 (ISSN),https://www.scopus.com/inward/record.uri?eid=2-s2.0-105014362792&doi=10.3390%2Ftourhosp6030149&partnerID=40&md5=277339eeb3f8984aafdaf50b7f8b9e4c,"Ewha Womans University, Department of Communication & Media, Seoul, South Korea",Communication,Tourism,Asia,2018-2019,Instagram,"South Korea, Japan",Automated via API,,"10k–99,999","~29,985 posts for Seoul
~29,959 posts for Tokyo",Yes,Captions,Full post text,Object Recognition,Geospatial Analysis,Fine-tuned model,Object detection,Inter-coder reliability,"• Tokyo posts received significantly more likes, while Seoul posts elicited more comments and stronger emotional engagement.
• Seoul had more posts on landmarks/architecture, Tokyo more on food; overall “person” was the dominant category.
• Engagement drivers differ: hashtags matter most for Seoul, presence of people/animals matters most for Tokyo.",Yes,Platform bias,Not applicable,Anonymization (hide IDs/avatars),No,Asia,No,,,Cross-country,"• Lower geotag availability in Tokyo introduces spatial uncertainty
• Dataset covers a limited time period (2018–2019)
• Broad content categories reduce granularity
• Instagram-only sample limits generalizability","• Extensive mixed-methods pipeline integrating CNN, sentiment analysis, geospatial clustering, and SHAP.
• Strong methodological transparency and validation steps.
• Highly relevant to your review because it uses large-scale visual social media analysis with computational tools.",Include,Abi,
rayyan-340814384,Visualizing digital traces for sustainable urban management: Mapping tourism activity on the virtual public space,2021,Sustainability (Switzerland),20711050 (ISSN),https://www.scopus.com/inward/record.uri?eid=2-s2.0-85103012275&doi=10.3390%2Fsu13063159&partnerID=40&md5=7e9eb184f85d82193d2c00f567fad69f,"[""Universitat Politècnica de Catalunya, Department of Architectural Representation, Barcelona, Spain"", ""Universitat Politècnica de Catalunya, Department of Architectural Technology, Barcelona, Spain""]",Environment & Landscape,Tourism,Europe,2005-2016,Flickr,Global,Automated via API,,≥1M,"4,283 Flickr users; 10,908 unique location strings; 5693 geocoded locations.",Yes,Hashtags,No text used,Geospatial Analysis,Image Trends,Custom model,,Not reported,"• Geotagged social media images can accurately map real-world tourist behavior and hotspot areas. ￼
• Clear differences between local vs. tourist photographic activity: tourists concentrate heavily around landmarks; locals show dispersed patterns.
• Visualization techniques (treemaps, KDE, rasterization) provide actionable insights for sustainable tourism policies.",Yes,Platform bias,Not applicable,No example images shown,No,Europe,No,,,Cross-country,"• Flickr bias toward Western users
• Convenience sample issues
• Potential loss of access if platforms restrict data","Strong methodological contribution focused on spatial statistics, KDE, and data visualization for planners.",Include,Abi,
rayyan-340811235,Visualizing environmental management: Corporate environmental images information disclosure and idiosyncratic risk,2023,Environmental Impact Assessment Review,01959255 (ISSN); 9024727650 (ISBN); 9789024727650 (ISBN),https://www.scopus.com/inward/record.uri?eid=2-s2.0-85147109688&doi=10.1016%2Fj.eiar.2022.107026&partnerID=40&md5=f9a5664bdcd202140e3260f9c4bfc955,"[""Hefei University of Technology, School of Management, Hefei, China"", ""Ministry of Education of the People's Republic of China, Key Laboratory of Process Optimization and Intelligent Decision-making, Beijing, China"", ""Hefei University of Technology, Hefei, China""]",Business,Environment & Landscape,Asia,2016-2020,Other,China,Automated via API,,"10k–99,999","20,699 images",No,,No text used,Object Recognition,,Custom model,Scene classification,Manual verification,"• Companies increasingly disclose environmental images, especially environmental awareness visuals (>50% yearly).
• Environmental image disclosure is negatively associated with idiosyncratic risk, meaning more visual disclosure = lower financial risk.
• When companies experience negative environmental events or have high idiosyncratic risk, image disclosure becomes impression management and no longer reduces risk.
",Yes,Platform bias,Not applicable,Not mentioned,Yes,Asia,No,,,,"• Image categories may be imperfect representations.
• Only covers environmentally sensitive firms in China.
• Does not incorporate textual environmental disclosures.",Very strong example of machine-learning automated image classification in social-media environmental research.,Include,Abi,
rayyan-340815289,Visualizing the triple bottom line: A large-scale automated visual content analysis of European corporations' website and social media images,2020,Corporate Social Responsibility and Environmental Management,15353966 (ISSN); 15353958 (ISSN),https://www.scopus.com/inward/record.uri?eid=2-s2.0-85087220262&doi=10.1002%2Fcsr.1988&partnerID=40&md5=2ce4d3a8cd959363911f338d0c8828e3,"Universiteit van Amsterdam, Amsterdam, Netherlands",Communication,Business,Europe,2011-2019,Twitter,Europe,Mixed,,"10k–99,999","47,195 tweets filtered to obtain images",Yes,URLs,No text used,Object Recognition,Image Trends,Custom model,Scene classification,Inter-coder reliability,"• Companies overwhelmingly emphasize the profit dimension in visual CSR communication (web and Twitter).
• Firms post more people/planet/profit images on Twitter than websites, showing channel differences.",Yes,Platform bias,No,Not mentioned,Yes,Europe,No,,,Cross-platform,"• Machine vision APIs limited to basic semantic labels.
• Imbalance in image counts between platforms.
• Website scraping provides only a snapshot, cannot ensure temporal comparability.
• Twitter classifier performance differs from website classifier.","Automated visual analysis of >25k images, one of the earliest large-scale CV applications in CSR communication.",Include,Abi,
rayyan-340808426,YouTube thumbnail design recommendation systems using image-tabular multimodal data for Thai’s YouTube thumbnail,2024,Social Network Analysis and Mining,18695469 (ISSN); 18695450 (ISSN),https://www.scopus.com/inward/record.uri?eid=2-s2.0-85203246778&doi=10.1007%2Fs13278-024-01317-7&partnerID=40&md5=cf2781b6fb7e140abd04a2e805092a22,"National Institute of Development Administration, Graduate School of Applied Statistics, Bangkok, Thailand",Information Management,Communication,Asia,2022-2023,Other,Thailand,Automated via API,,"1k–9,999","7,030 total records before filtering",Yes,Likes,No text used,Object Recognition,Image Type Identification,Fine-tuned model,Scene classification,Against gold standard,"• Combined multimodal tabular + image features can predict high-performing YouTube thumbnails.
• Xception model achieved best classification accuracy (≈88%).
• Object detection + clustering revealed visual elements linked to higher engagement in Food, IT, and Travel categories.",Yes,Platform bias,No,Not mentioned,Yes,Asia,No,,,,"• Need larger dataset
• Need region-specific training data
• Suggest adding object location, color tone, emotion cues in future work",Case report-style illustration of multimodal recommendation system for thumbnail optimization,Include,Abi,
